{
  "source": "portalExtensionApi",
  "revision": 1,
  "description": null,
  "createdBy": "{}",
  "createdOn": "",
  "modifiedBy": "{}",
  "modifiedOn": "",
  "isDeleted": false,
  "lastRelease": {
    "id": 1,
    "name": "Release-1",
    "artifacts": [],
    "_links": {},
    "description": "Triggered by aspnet - CI 20191125.1.",
    "releaseDefinition": {
      "id": 1,
      "projectReference": null,
      "_links": {}
    },
    "createdOn": "2019-11-25T18:54:06.62Z",
    "createdBy": {
      "displayName": "Hinault Donfack",
      "url": "https://spsprodeus27.vssps.visualstudio.com/A60ccdd12-5c4d-471e-b824-19bd9aade5c3/_apis/Identities/c379a667-84f0-4cd4-a456-91e1e845770a",
      "_links": {
        "avatar": {
          "href": "https://dev.azure.com/hinault/_apis/GraphProfile/MemberAvatars/aad.M2I1MzU5NjktZDAxNy03ODI4LTgwODQtYjBlYzA5OTdkODg1"
        }
      },
      "id": "c379a667-84f0-4cd4-a456-91e1e845770a",
      "uniqueName": "hinault.donfack@outlook.fr",
      "imageUrl": "https://dev.azure.com/hinault/_apis/GraphProfile/MemberAvatars/aad.M2I1MzU5NjktZDAxNy03ODI4LTgwODQtYjBlYzA5OTdkODg1",
      "descriptor": "aad.M2I1MzU5NjktZDAxNy03ODI4LTgwODQtYjBlYzA5OTdkODg1"
    }
  },
  "variables": {},
  "variableGroups": [],
  "environments": [
    {
      "id": 1,
      "name": "dev",
      "rank": 1,
      "owner": {
        "displayName": "$OwnerDisplayName$",
        "url": "",
        "_links": "{}",
        "id": "$OwnerId$",
        "uniqueName": "$OwnerUniqueName$",
        "imageUrl": "",
        "descriptor": ""
      },
      "variables": {
        "vmPassword": {
          "value": null,
          "isSecret": true
        }
      },
      "variableGroups": [],
      "preDeployApprovals": {
        "approvals": [
          {
            "rank": 1,
            "isAutomated": true,
            "isNotificationOn": false,
            "id": 1
          }
        ]
      },
      "deployStep": {
        "id": 2
      },
      "postDeployApprovals": {
        "approvals": [
          {
            "rank": 1,
            "isAutomated": true,
            "isNotificationOn": false,
            "id": 3
          }
        ]
      },
      "deployPhases": [
        {
          "deploymentInput": {
            "parallelExecution": {
              "parallelExecutionType": "none"
            },
            "agentSpecification": null,
            "skipArtifactsDownload": false,
            "artifactsDownloadInput": {
              "downloadInputs": []
            },
            "queueId": "$Hosted VS2017$",
            "demands": [],
            "enableAccessToken": false,
            "timeoutInMinutes": 0,
            "jobCancelTimeoutInMinutes": 1,
            "condition": "succeeded()",
            "overrideInputs": {}
          },
          "rank": 1,
          "phaseType": "agentBasedDeployment",
          "name": "Agent phase",
          "refName": null,
          "workflowTasks": [
            {
              "environment": {},
              "taskId": "94a74903-f93f-4075-884f-dc11f34058b4",
              "version": "2.*",
              "name": "Azure Deployment: Create Azure Resources",
              "refName": "",
              "enabled": true,
              "alwaysRun": false,
              "continueOnError": false,
              "timeoutInMinutes": 0,
              "definitionType": "task",
              "overrideInputs": {},
              "condition": "succeeded()",
              "inputs": {
                "ConnectedServiceName": "",
                "action": "Create Or Update Resource Group",
                "resourceGroupName": "aspnet-rg",
                "location": "South Central US",
                "templateLocation": "Linked artifact",
                "csmFileLink": "",
                "csmParametersFileLink": "",
                "csmFile": "$(System.DefaultWorkingDirectory)/**/windows-vm-template.json",
                "csmParametersFile": "",
                "overrideParameters": "-vmName \"aspnet\" -adminUsername \"devopsproject\" -adminPassword \"$(vmPassword)\" -appInsightsLocation \"South Central US\" -vmSize \"Standard_D2s_v3\" -location \"South Central US\" -windowsOSVersion \"2016-Datacenter-smalldisk\"",
                "deploymentMode": "Incremental",
                "enableDeploymentPrerequisites": "ConfigureVMWithDGAgent",
                "deploymentGroupEndpoint": "",
                "project": "aspnet",
                "deploymentGroupName": "aspnet-dg",
                "copyAzureVMTags": "true",
                "runAgentServiceAsUser": "false",
                "userName": "",
                "password": "",
                "outputVariable": "",
                "deploymentOutputs": ""
              }
            }
          ]
        },
        {
          "deploymentInput": {
            "healthPercent": 0,
            "deploymentHealthOption": "Custom",
            "tags": [],
            "skipArtifactsDownload": false,
            "artifactsDownloadInput": {
              "downloadInputs": []
            },
            "queueId": "",
            "demands": [],
            "enableAccessToken": false,
            "timeoutInMinutes": 0,
            "jobCancelTimeoutInMinutes": 1,
            "condition": "succeeded()",
            "overrideInputs": {}
          },
          "rank": 2,
          "phaseType": "machineGroupBasedDeployment",
          "name": "Deploy",
          "refName": null,
          "workflowTasks": [
            {
              "environment": {},
              "taskId": "1b2aec60-dc49-11e6-9b76-63056e018cac",
              "version": "0.*",
              "name": "Create Website",
              "refName": "",
              "enabled": true,
              "alwaysRun": false,
              "continueOnError": false,
              "timeoutInMinutes": 0,
              "definitionType": null,
              "overrideInputs": {},
              "condition": "succeeded()",
              "inputs": {
                "EnableIIS": "false",
                "IISDeploymentType": "IISWebsite",
                "ActionIISWebsite": "CreateOrUpdateWebsite",
                "ActionIISApplicationPool": "CreateOrUpdateAppPool",
                "StartStopWebsiteName": "Default Web Site",
                "WebsiteName": "Default Web Site",
                "WebsitePhysicalPath": "%SystemDrive%\\inetpub\\wwwroot",
                "WebsitePhysicalPathAuth": "WebsiteUserPassThrough",
                "WebsiteAuthUserName": "",
                "WebsiteAuthUserPassword": "",
                "AddBinding": "True",
                "Protocol": "http",
                "IPAddress": "All Unassigned",
                "Port": "80",
                "ServerNameIndication": "false",
                "HostNameWithOutSNI": "",
                "HostNameWithHttp": "",
                "HostNameWithSNI": "",
                "SSLCertThumbPrint": "",
                "Bindings": "{\"bindings\":[{\"protocol\":\"http\",\"ipAddress\":\"All Unassigned\",\"port\":\"80\",\"hostname\":\"\",\"sslThumbprint\":\"\",\"sniFlag\":false}]}",
                "CreateOrUpdateAppPoolForWebsite": "false",
                "ConfigureAuthenticationForWebsite": "false",
                "AppPoolNameForWebsite": "",
                "DotNetVersionForWebsite": "v4.0",
                "PipeLineModeForWebsite": "Integrated",
                "AppPoolIdentityForWebsite": "ApplicationPoolIdentity",
                "AppPoolUsernameForWebsite": "",
                "AppPoolPasswordForWebsite": "",
                "AnonymousAuthenticationForWebsite": "false",
                "BasicAuthenticationForWebsite": "false",
                "WindowsAuthenticationForWebsite": "true",
                "ParentWebsiteNameForVD": "Default Web Site",
                "VirtualPathForVD": "",
                "PhysicalPathForVD": "%SystemDrive%\\inetpub\\wwwroot",
                "VDPhysicalPathAuth": "VDUserPassThrough",
                "VDAuthUserName": "",
                "VDAuthUserPassword": "",
                "ParentWebsiteNameForApplication": "Default Web Site",
                "VirtualPathForApplication": "",
                "PhysicalPathForApplication": "%SystemDrive%\\inetpub\\wwwroot",
                "ApplicationPhysicalPathAuth": "ApplicationUserPassThrough",
                "ApplicationAuthUserName": "",
                "ApplicationAuthUserPassword": "",
                "CreateOrUpdateAppPoolForApplication": "false",
                "AppPoolNameForApplication": "",
                "DotNetVersionForApplication": "v4.0",
                "PipeLineModeForApplication": "Integrated",
                "AppPoolIdentityForApplication": "ApplicationPoolIdentity",
                "AppPoolUsernameForApplication": "",
                "AppPoolPasswordForApplication": "",
                "AppPoolName": "",
                "DotNetVersion": "v4.0",
                "PipeLineMode": "Integrated",
                "AppPoolIdentity": "ApplicationPoolIdentity",
                "AppPoolUsername": "",
                "AppPoolPassword": "",
                "StartStopRecycleAppPoolName": "",
                "AppCmdCommands": ""
              }
            },
            {
              "environment": {},
              "taskId": "1b467810-6725-4b6d-accd-886174c09bba",
              "version": "0.*",
              "name": "Deploy application to Website",
              "refName": "IISWebAppDeploymentOnMachineGroup2",
              "enabled": true,
              "alwaysRun": false,
              "continueOnError": false,
              "timeoutInMinutes": 0,
              "definitionType": null,
              "overrideInputs": {},
              "condition": "succeeded()",
              "inputs": {
                "WebSiteName": "Default Web Site",
                "VirtualApplication": "",
                "Package": "$(System.DefaultWorkingDirectory)/**/*.zip",
                "SetParametersFile": "",
                "RemoveAdditionalFilesFlag": "false",
                "ExcludeFilesFromAppDataFlag": "false",
                "TakeAppOfflineFlag": "True",
                "AdditionalArguments": "",
                "XmlTransformation": "false",
                "XmlVariableSubstitution": "True",
                "JSONFiles": ""
              }
            }
          ]
        }
      ],
      "environmentOptions": {
        "emailNotificationType": "OnlyOnFailure",
        "emailRecipients": "release.environment.owner;release.creator",
        "skipArtifactsDownload": false,
        "timeoutInMinutes": 0,
        "enableAccessToken": false,
        "publishDeploymentStatus": false,
        "badgeEnabled": false,
        "autoLinkWorkItems": false,
        "pullRequestDeploymentEnabled": false
      },
      "demands": [],
      "conditions": [
        {
          "name": "ReleaseStarted",
          "conditionType": "event",
          "value": ""
        }
      ],
      "executionPolicy": {
        "concurrencyCount": 0,
        "queueDepthCount": 0
      },
      "schedules": [],
      "currentRelease": {
        "id": 1,
        "url": "https://vsrm.dev.azure.com/hinault/dbb6b3dd-1a09-4437-a7f7-89913fda3738/_apis/Release/releases/1",
        "_links": {}
      },
      "retentionPolicy": {
        "daysToKeep": 30,
        "releasesToKeep": 3,
        "retainBuild": true
      },
      "properties": {},
      "preDeploymentGates": {
        "id": 0,
        "gatesOptions": null,
        "gates": []
      },
      "postDeploymentGates": {
        "id": 0,
        "gatesOptions": null,
        "gates": []
      },
      "environmentTriggers": [],
      "badgeUrl": ""
    }
  ],
  "artifacts": [
    {
      "sourceId": "$ProjectId$:$43-id$",
      "type": "Build",
      "alias": "Drop",
      "definitionReference": {
        "defaultVersionType": {
          "id": "latestType",
          "name": "Latest"
        },
        "definition": {
          "id": "$43-id$",
          "name": "43"
        },
        "project": {
          "id": "$ProjectId$",
          "name": "$ProjectName$"
        },
        "artifactSourceDefinitionUrl": "{}"
      },
      "isPrimary": true,
      "isRetained": false
    }
  ],
  "triggers": [
    {
      "artifactAlias": "Drop",
      "triggerConditions": [],
      "triggerType": "artifactSource"
    }
  ],
  "releaseNameFormat": "Release-$(rev:r)",
  "tags": [],
  "properties": {
    "DefinitionCreationSource": {
      "$type": "System.String",
      "$value": "PortalExtension "
    }
  },
  "id": "",
  "name": "aspnet - CD",
  "path": "\\",
  "projectReference": null,
  "url": "",
  "_links": "{}"
}