{
  "source": "portalExtensionApi",
  "revision": 1,
  "description": null,
  "createdBy": "{}",
  "createdOn": "",
  "modifiedBy": "{}",
  "modifiedOn": "",
  "isDeleted": false,
  "lastRelease": {
    "id": 3,
    "name": "Release-2",
    "artifacts": [],
    "_links": {},
    "description": "Triggered by func620 - CI 20191205.3.",
    "releaseDefinition": {
      "id": 2,
      "projectReference": null,
      "_links": {}
    },
    "createdOn": "2019-12-05T20:34:28.283Z",
    "createdBy": {
      "displayName": "Hinault Donfack",
      "url": "https://spsprodeus27.vssps.visualstudio.com/A60ccdd12-5c4d-471e-b824-19bd9aade5c3/_apis/Identities/c379a667-84f0-4cd4-a456-91e1e845770a",
      "_links": {
        "avatar": {
          "href": "https://dev.azure.com/hinault/_apis/GraphProfile/MemberAvatars/aad.M2I1MzU5NjktZDAxNy03ODI4LTgwODQtYjBlYzA5OTdkODg1"
        }
      },
      "id": "c379a667-84f0-4cd4-a456-91e1e845770a",
      "uniqueName": "hinault.donfack@outlook.fr",
      "imageUrl": "https://dev.azure.com/hinault/_apis/GraphProfile/MemberAvatars/aad.M2I1MzU5NjktZDAxNy03ODI4LTgwODQtYjBlYzA5OTdkODg1",
      "descriptor": "aad.M2I1MzU5NjktZDAxNy03ODI4LTgwODQtYjBlYzA5OTdkODg1"
    }
  },
  "variables": {},
  "variableGroups": [],
  "environments": [
    {
      "id": 2,
      "name": "Production",
      "rank": 1,
      "owner": {
        "displayName": "$OwnerDisplayName$",
        "url": "",
        "_links": "{}",
        "id": "$OwnerId$",
        "uniqueName": "$OwnerUniqueName$",
        "imageUrl": "",
        "descriptor": ""
      },
      "variables": {
        "AdministratorLogin": {
          "value": null
        },
        "AdministratorLoginPassword": {
          "value": null,
          "isSecret": true
        },
        "DatabaseName": {
          "value": null
        },
        "ServerName": {
          "value": null
        },
        "ConnectionStringName": {
          "value": null
        },
        "ReleasePlatform": {
          "value": "Any CPU"
        },
        "ReleaseConfiguration": {
          "value": "Release"
        }
      },
      "variableGroups": [],
      "preDeployApprovals": {
        "approvals": [
          {
            "rank": 1,
            "isAutomated": true,
            "isNotificationOn": false,
            "id": 4
          }
        ]
      },
      "deployStep": {
        "id": 5
      },
      "postDeployApprovals": {
        "approvals": [
          {
            "rank": 1,
            "isAutomated": true,
            "isNotificationOn": false,
            "id": 6
          }
        ]
      },
      "deployPhases": [
        {
          "deploymentInput": {
            "parallelExecution": {
              "parallelExecutionType": "none"
            },
            "agentSpecification": null,
            "skipArtifactsDownload": false,
            "artifactsDownloadInput": {
              "downloadInputs": []
            },
            "queueId": "$Hosted VS2017$",
            "demands": [],
            "enableAccessToken": false,
            "timeoutInMinutes": 0,
            "jobCancelTimeoutInMinutes": 1,
            "condition": "succeeded()",
            "overrideInputs": {}
          },
          "rank": 1,
          "phaseType": "agentBasedDeployment",
          "name": "Phase1",
          "refName": null,
          "workflowTasks": [
            {
              "environment": {},
              "taskId": "501dd25d-1785-43e4-b4e5-a5c78ccc0573",
              "version": "1.*",
              "name": "Azure Function App Deploy",
              "refName": "",
              "enabled": true,
              "alwaysRun": false,
              "continueOnError": false,
              "timeoutInMinutes": 0,
              "definitionType": "task",
              "overrideInputs": {},
              "condition": "succeeded()",
              "inputs": {
                "azureSubscription": "834fc06a-6249-418c-b130-37aa545c2c25",
                "appType": "functionApp",
                "appName": "func620",
                "deployToSlotOrASE": "false",
                "resourceGroupName": "Rg-CE",
                "slotName": "",
                "package": "$(System.DefaultWorkingDirectory)/**/*.zip",
                "runtimeStack": "",
                "startUpCommand": "",
                "customWebConfig": "",
                "appSettings": "",
                "configurationStrings": "",
                "deploymentMethod": "auto"
              }
            }
          ]
        }
      ],
      "environmentOptions": {
        "emailNotificationType": "OnlyOnFailure",
        "emailRecipients": "release.environment.owner;release.creator",
        "skipArtifactsDownload": false,
        "timeoutInMinutes": 0,
        "enableAccessToken": false,
        "publishDeploymentStatus": false,
        "badgeEnabled": false,
        "autoLinkWorkItems": false,
        "pullRequestDeploymentEnabled": false
      },
      "demands": [],
      "conditions": [
        {
          "name": "ReleaseStarted",
          "conditionType": "event",
          "value": ""
        }
      ],
      "executionPolicy": {
        "concurrencyCount": 0,
        "queueDepthCount": 0
      },
      "schedules": [],
      "currentRelease": {
        "id": 3,
        "url": "https://vsrm.dev.azure.com/hinault/dbb6b3dd-1a09-4437-a7f7-89913fda3738/_apis/Release/releases/3",
        "_links": {}
      },
      "retentionPolicy": {
        "daysToKeep": 30,
        "releasesToKeep": 3,
        "retainBuild": true
      },
      "properties": {},
      "preDeploymentGates": {
        "id": 0,
        "gatesOptions": null,
        "gates": []
      },
      "postDeploymentGates": {
        "id": 0,
        "gatesOptions": null,
        "gates": []
      },
      "environmentTriggers": [],
      "badgeUrl": ""
    }
  ],
  "artifacts": [
    {
      "sourceId": "$ProjectId$:$44-id$",
      "type": "Build",
      "alias": "Drop",
      "definitionReference": {
        "defaultVersionType": {
          "id": "latestType",
          "name": "Latest"
        },
        "definition": {
          "id": "$44-id$",
          "name": "44"
        },
        "project": {
          "id": "$ProjectId$",
          "name": "$ProjectName$"
        },
        "artifactSourceDefinitionUrl": "{}"
      },
      "isPrimary": true,
      "isRetained": false
    }
  ],
  "triggers": [
    {
      "artifactAlias": "Drop",
      "triggerConditions": [],
      "triggerType": "artifactSource"
    }
  ],
  "releaseNameFormat": "Release-$(rev:r)",
  "tags": [],
  "properties": {
    "DefinitionCreationSource": {
      "$type": "System.String",
      "$value": "PortalExtension axios/0.18.0"
    }
  },
  "id": "",
  "name": "func620 - CD",
  "path": "\\",
  "projectReference": null,
  "url": "",
  "_links": "{}"
}