{
  "data": {
    "subscriptionId": "f721ad25-4d9a-4198-a2bf-26bd71c556be",
    "subscriptionName": "Microsoft Azure Sponsorship",
    "registrytype": "ACR"
  },
  "name": "acr124",
  "type": "dockerregistry",
  "url": "https://hub.docker.com/",
  "authorization": {
    "parameters": {
      "tenantId": "5650116c-e301-4b3f-a9ea-d4c8bf6fe2bf",
      "servicePrincipalId": "9718196b-c433-410b-ab73-b5cd4f811938"
    },
    "scheme": "serviceprincipal"
  },
  "isShared": false,
  "isReady": true,
  "owner": "Library"
}