{
  "data": {
    "environment": "AzureCloud",
    "subscriptionId": "f721ad25-4d9a-4198-a2bf-26bd71c556be",
    "subscriptionName": "f721ad25-4d9a-4198-a2bf-26bd71c556be",
    "scopeLevel": "Subscription"
  },
  "name": "aspnet - Azure",
  "type": "AzureRM",
  "url": "https://management.azure.com/",
  "authorization": {
    "parameters": {
      "tenantId": "5650116c-e301-4b3f-a9ea-d4c8bf6fe2bf",
      "servicePrincipalId": "bdc9e6ae-c7d3-4758-b49c-b1f531f793b0",
      "authenticationType": "spnKey"
    },
    "scheme": "ServicePrincipal"
  },
  "isShared": false,
  "isReady": true,
  "owner": "Library"
}