{
  "data": {
    "environment": "AzureCloud",
    "subscriptionId": "f721ad25-4d9a-4198-a2bf-26bd71c556be",
    "subscriptionName": "Microsoft Azure Sponsorship",
    "scopeLevel": "Subscription"
  },
  "name": "func620 - Azure",
  "type": "AzureRM",
  "url": "https://management.azure.com/",
  "authorization": {
    "parameters": {
      "tenantId": "5650116c-e301-4b3f-a9ea-d4c8bf6fe2bf",
      "servicePrincipalId": "f2e0b4db-161b-4108-98d1-ed86cfe93784"
    },
    "scheme": "ServicePrincipal"
  },
  "isShared": false,
  "isReady": true,
  "owner": "Library"
}