{
  "data": {
    "environment": "AzureCloud",
    "subscriptionId": "f721ad25-4d9a-4198-a2bf-26bd71c556be",
    "subscriptionName": "Microsoft Azure Sponsorship",
    "scopeLevel": "Subscription"
  },
  "name": "Microsoft Azure Sponsorship(f721ad25-4d9a-4198-a2bf-26bd71c556be)",
  "type": "azurerm",
  "url": "https://management.azure.com/",
  "authorization": {
    "parameters": {
      "tenantId": "5650116c-e301-4b3f-a9ea-d4c8bf6fe2bf",
      "servicePrincipalId": "7c05ae7a-e7c9-42e4-82b7-4dcc76e96092",
      "authenticationType": "spnKey",
      "servicePrincipalKey": "spnKey"
    },
    "scheme": "ServicePrincipal"
  },
  "isShared": false,
  "isReady": true,
  "owner": "Library"
}