{
  "triggers": [],
  "properties": {},
  "tags": [],
  "_links": "{}",
  "jobAuthorizationScope": "projectCollection",
  "jobTimeoutInMinutes": 60,
  "jobCancelTimeoutInMinutes": 5,
  "process": {
    "yamlFilename": "azure-compose.yml",
    "type": 2
  },
  "repository": {
    "properties": {
      "cloneUrl": "https://hinault@dev.azure.com/hinault/aspnet/_git/front",
      "fullName": "front",
      "defaultBranch": "refs/heads/develop",
      "isFork": "False",
      "safeRepository": "86c2e13e-2d4f-43bc-ad04-2eae9a3635e7",
      "reportBuildStatus": "true"
    },
    "id": "86c2e13e-2d4f-43bc-ad04-2eae9a3635e7",
    "type": "TfsGit",
    "name": "front",
    "url": "https://$Organization$@dev.azure.com/$Organization$/$ProjectName$/_git/front",
    "defaultBranch": "refs/heads/develop",
    "clean": null,
    "checkoutSubmodules": false
  },
  "quality": "definition",
  "authoredBy": "{}",
  "drafts": [],
  "queue": {
    "_links": {
      "self": {
        "href": "https://dev.azure.com/$Organization$/_apis/build/Queues/$Hosted Ubuntu 1604$"
      }
    },
    "id": "$Hosted Ubuntu 1604$",
    "name": "Hosted Ubuntu 1604",
    "url": "https://dev.azure.com/$Organization$/_apis/build/Queues/$Hosted Ubuntu 1604$",
    "pool": {
      "id": "",
      "name": "Hosted Ubuntu 1604",
      "isHosted": true
    }
  },
  "id": "",
  "name": "front (1)",
  "url": "",
  "uri": "",
  "path": "\\",
  "type": "build",
  "queueStatus": "enabled",
  "revision": 1,
  "createdDate": "",
  "project": "{}"
}