{
  "options": [
    {
      "enabled": true,
      "definition": {
        "id": "5d58cc01-7c75-450c-be18-a388ddb129ec"
      },
      "inputs": {
        "branchFilters": "[\"+refs/heads/*\"]",
        "additionalFields": "{}"
      }
    },
    {
      "enabled": false,
      "definition": {
        "id": "a9db38f9-9fdc-478c-b0f9-464221e58316"
      },
      "inputs": {
        "workItemType": "Bug",
        "assignToRequestor": "true",
        "additionalFields": "{}"
      }
    }
  ],
  "triggers": [
    {
      "branchFilters": [
        "+master"
      ],
      "pathFilters": [
        "+/"
      ],
      "batchChanges": true,
      "maxConcurrentBuildsPerBranch": 1,
      "triggerType": "continuousIntegration"
    }
  ],
  "variables": {
    "BuildConfiguration": {
      "value": "release",
      "allowOverride": true
    },
    "BuildPlatform": {
      "value": "any cpu",
      "allowOverride": true
    },
    "system.debug": {
      "value": "false",
      "allowOverride": true
    }
  },
  "properties": {},
  "tags": [],
  "_links": "{}",
  "buildNumberFormat": "$(date:yyyyMMdd)$(rev:.r)",
  "jobAuthorizationScope": "projectCollection",
  "jobCancelTimeoutInMinutes": 5,
  "process": {
    "phases": [
      {
        "steps": [
          {
            "environment": {},
            "enabled": true,
            "continueOnError": false,
            "alwaysRun": false,
            "displayName": "Use NuGet 5.0.0",
            "timeoutInMinutes": 0,
            "condition": "succeeded()",
            "task": {
              "id": "2c65196a-54fd-4a02-9be8-d9d1837b7c5d",
              "versionSpec": "1.*",
              "definitionType": "task"
            },
            "inputs": {
              "versionSpec": "5.0.0",
              "checkLatest": "false"
            }
          },
          {
            "environment": {},
            "enabled": true,
            "continueOnError": false,
            "alwaysRun": false,
            "displayName": "NuGet restore",
            "timeoutInMinutes": 0,
            "condition": "succeeded()",
            "task": {
              "id": "333b11bd-d341-40d9-afcf-b32d5ce6f23b",
              "versionSpec": "2.*",
              "definitionType": "task"
            },
            "inputs": {
              "command": "restore",
              "solution": "$(Parameters.solution)",
              "selectOrConfig": "select",
              "feedRestore": "",
              "includeNuGetOrg": "true",
              "nugetConfigPath": "",
              "externalEndpoints": "",
              "noCache": "false",
              "disableParallelProcessing": "false",
              "packagesDirectory": "",
              "verbosityRestore": "Detailed",
              "searchPatternPush": "$(Build.ArtifactStagingDirectory)/**/*.nupkg;!$(Build.ArtifactStagingDirectory)/**/*.symbols.nupkg",
              "nuGetFeedType": "internal",
              "feedPublish": "",
              "publishPackageMetadata": "true",
              "allowPackageConflicts": "false",
              "externalEndpoint": "",
              "verbosityPush": "Detailed",
              "searchPatternPack": "**/*.csproj",
              "configurationToPack": "$(BuildConfiguration)",
              "outputDir": "$(Build.ArtifactStagingDirectory)",
              "versioningScheme": "off",
              "includeReferencedProjects": "false",
              "versionEnvVar": "",
              "requestedMajorVersion": "1",
              "requestedMinorVersion": "0",
              "requestedPatchVersion": "0",
              "packTimezone": "utc",
              "includeSymbols": "false",
              "toolPackage": "false",
              "buildProperties": "",
              "basePath": "",
              "verbosityPack": "Detailed",
              "arguments": ""
            }
          },
          {
            "environment": {},
            "enabled": true,
            "continueOnError": false,
            "alwaysRun": false,
            "displayName": "Build solution",
            "timeoutInMinutes": 0,
            "condition": "succeeded()",
            "task": {
              "id": "71a9a2d3-a98a-4caa-96ab-affca411ecda",
              "versionSpec": "1.*",
              "definitionType": "task"
            },
            "inputs": {
              "solution": "$(Parameters.solution)",
              "vsVersion": "latest",
              "msbuildArgs": "/p:DeployOnBuild=true /p:DeployDefaultTarget=WebPublish /p:WebPublishMethod=FileSystem /p:publishUrl=\"$(Agent.TempDirectory)\\WebAppContent\\\\\"",
              "platform": "$(BuildPlatform)",
              "configuration": "$(BuildConfiguration)",
              "clean": "false",
              "maximumCpuCount": "false",
              "restoreNugetPackages": "false",
              "msbuildArchitecture": "x86",
              "logProjectEvents": "true",
              "createLogFile": "false",
              "logFileVerbosity": "normal"
            }
          },
          {
            "environment": {},
            "enabled": true,
            "continueOnError": false,
            "alwaysRun": false,
            "displayName": "Archive Files",
            "timeoutInMinutes": 0,
            "condition": "succeeded()",
            "task": {
              "id": "d8b84976-e99a-4b86-b885-4849694435b0",
              "versionSpec": "2.*",
              "definitionType": "task"
            },
            "inputs": {
              "rootFolderOrFile": "$(Agent.TempDirectory)\\WebAppContent",
              "includeRootFolder": "false",
              "archiveType": "zip",
              "sevenZipCompression": "5",
              "tarCompression": "gz",
              "archiveFile": "$(Build.ArtifactStagingDirectory)/$(Build.BuildId).zip",
              "replaceExistingArchive": "true",
              "verbose": "false",
              "quiet": "false"
            }
          },
          {
            "environment": {},
            "enabled": false,
            "continueOnError": false,
            "alwaysRun": false,
            "displayName": "Test Assemblies",
            "timeoutInMinutes": 0,
            "condition": "succeeded()",
            "task": {
              "id": "ef087383-ee5e-42c7-9a53-ab56c98420f9",
              "versionSpec": "2.*",
              "definitionType": "task"
            },
            "inputs": {
              "testSelector": "testAssemblies",
              "testAssemblyVer2": "**\\*.test.dll\n!**\\obj\\**",
              "testPlan": "",
              "testSuite": "",
              "testConfiguration": "",
              "tcmTestRun": "$(test.RunId)",
              "searchFolder": "$(System.DefaultWorkingDirectory)",
              "testFiltercriteria": "",
              "runOnlyImpactedTests": "False",
              "runAllTestsAfterXBuilds": "50",
              "uiTests": "false",
              "vstestLocationMethod": "version",
              "vsTestVersion": "latest",
              "vstestLocation": "",
              "runSettingsFile": "",
              "overrideTestrunParameters": "",
              "pathtoCustomTestAdapters": "",
              "runInParallel": "False",
              "runTestsInIsolation": "False",
              "codeCoverageEnabled": "False",
              "otherConsoleOptions": "",
              "distributionBatchType": "basedOnTestCases",
              "batchingBasedOnAgentsOption": "autoBatchSize",
              "customBatchSizeValue": "10",
              "batchingBasedOnExecutionTimeOption": "autoBatchSize",
              "customRunTimePerBatchValue": "60",
              "dontDistribute": "False",
              "testRunTitle": "",
              "platform": "$(BuildPlatform)",
              "configuration": "$(BuildConfiguration)",
              "publishRunAttachments": "true",
              "failOnMinTestsNotRun": "False",
              "minimumExpectedTests": "1",
              "diagnosticsEnabled": "false",
              "collectDumpOn": "onAbortOnly",
              "rerunFailedTests": "False",
              "rerunType": "basedOnTestFailurePercentage",
              "rerunFailedThreshold": "30",
              "rerunFailedTestCasesMaxLimit": "5",
              "rerunMaxAttempts": "3"
            }
          },
          {
            "environment": {},
            "enabled": true,
            "continueOnError": true,
            "alwaysRun": false,
            "displayName": "Publish symbols path",
            "timeoutInMinutes": 0,
            "condition": "succeeded()",
            "task": {
              "id": "0675668a-7bba-4ccb-901d-5ad6554ca653",
              "versionSpec": "1.*",
              "definitionType": "task"
            },
            "inputs": {
              "SymbolsPath": "",
              "SearchPattern": "**\\bin\\**\\*.pdb",
              "SymbolsFolder": "",
              "SkipIndexing": "false",
              "TreatNotIndexedAsWarning": "false",
              "SymbolsMaximumWaitTime": "",
              "SymbolsProduct": "",
              "SymbolsVersion": "",
              "SymbolsArtifactName": "Symbols_$(BuildConfiguration)"
            }
          },
          {
            "environment": {},
            "enabled": true,
            "continueOnError": false,
            "alwaysRun": false,
            "displayName": "Publish Artifact",
            "timeoutInMinutes": 0,
            "condition": "succeeded()",
            "task": {
              "id": "2ff763a7-ce83-4e1f-bc89-0ae63477cebe",
              "versionSpec": "1.*",
              "definitionType": "task"
            },
            "inputs": {
              "PathtoPublish": "$(build.artifactstagingdirectory)",
              "ArtifactName": "$(Parameters.ArtifactName)",
              "ArtifactType": "Container",
              "TargetPath": "\\\\my\\share\\$(Build.DefinitionName)\\$(Build.BuildNumber)",
              "Parallel": "false",
              "ParallelCount": "8",
              "FileCopyOptions": ""
            }
          }
        ],
        "name": "Agent job 1",
        "refName": "Phase_1",
        "condition": "succeeded()",
        "target": {
          "executionOptions": {
            "type": 0
          },
          "allowScriptsAuthAccessOption": false,
          "type": 1,
          "queue": "{}"
        },
        "jobAuthorizationScope": "projectCollection"
      }
    ],
    "type": 1
  },
  "repository": {
    "properties": {
      "apiUrl": "https://api.github.com/repos/hinault/functest",
      "branchesUrl": "https://api.github.com/repos/hinault/functest/branches",
      "cloneUrl": "https://github.com/hinault/functest.git",
      "connectedServiceId": "$GitHub_93eec93a$",
      "defaultBranch": "master",
      "fullName": "repository",
      "hasAdminPermissions": "True",
      "isFork": "False",
      "isPrivate": "False",
      "lastUpdated": "11/08/2019 13:07:56",
      "manageUrl": "https://github.com/hinault/functest",
      "nodeId": "MDEwOlJlcG9zaXRvcnkyMTI1OTg0NTE=",
      "ownerId": "15146271",
      "orgName": "hinault",
      "refsUrl": "https://api.github.com/repos/hinault/functest/git/refs",
      "safeRepository": "hinault/functest",
      "shortName": "functest",
      "ownerAvatarUrl": "https://avatars1.githubusercontent.com/u/15146271?v=4",
      "archived": "False",
      "externalId": "212598451",
      "ownerIsAUser": "True",
      "checkoutNestedSubmodules": "false",
      "cleanOptions": "0",
      "fetchDepth": "0",
      "gitLfsSupport": "false",
      "reportBuildStatus": "false",
      "skipSyncSource": "false",
      "labelSourcesFormat": "$(build.buildNumber)",
      "labelSources": "0"
    },
    "id": "hinault/functest",
    "type": "Git",
    "name": "repository",
    "url": "https://github.com/hinault/functest.git",
    "defaultBranch": "master",
    "clean": "false",
    "checkoutSubmodules": false
  },
  "processParameters": {
    "inputs": [
      {
        "aliases": [],
        "options": {},
        "properties": {},
        "name": "solution",
        "label": "Path to solution or packages.config",
        "defaultValue": "",
        "required": true,
        "type": "filePath",
        "helpMarkDown": "The path to the Visual Studio solution file or NuGet packages.config",
        "visibleRule": "",
        "groupName": ""
      },
      {
        "aliases": [],
        "options": {},
        "properties": {},
        "name": "ArtifactName",
        "label": "Artifact Name",
        "defaultValue": "",
        "required": true,
        "type": "string",
        "helpMarkDown": "The name of the artifact to create.",
        "visibleRule": "",
        "groupName": ""
      }
    ]
  },
  "quality": "definition",
  "authoredBy": "{}",
  "drafts": [],
  "queue": {
    "_links": "{}",
    "id": "",
    "name": "Hosted VS2017",
    "url": "",
    "pool": {
      "id": "",
      "name": "Hosted VS2017",
      "isHosted": true
    }
  },
  "id": "",
  "name": "func620 - CI",
  "url": "",
  "uri": "",
  "path": "\\",
  "type": "build",
  "queueStatus": "enabled",
  "revision": 2,
  "createdDate": "",
  "project": "{}"
}