{
  "Extensions": [
    {
      "extensionName": "ARM Outputs",
      "link": "<a href='https://marketplace.visualstudio.com/items?itemName=keesschollaart.arm-outputs' target='_blank'><b>ARM Outputs</b></a>",
      "publisherId": "keesschollaart",
      "extensionId": "arm-outputs",
      "publisherName": "Kees Schollaart",
      "License": "<a href='https://marketplace.visualstudio.com/items?itemName=keesschollaart.arm-outputs' target='_blank'>License Terms</a>"
    },
    {
      "extensionName": "Machine Learning",
      "link": "<a href='https://marketplace.visualstudio.com/items?itemName=ms-air-aiagility.vss-services-azureml' target='_blank'><b>Machine Learning</b></a>",
      "publisherId": "ms-air-aiagility",
      "extensionId": "vss-services-azureml",
      "publisherName": "Microsoft DevLabs",
      "License": "<a href='https://marketplace.visualstudio.com/items?itemName=ms-air-aiagility.vss-services-azureml' target='_blank'>License Terms</a>"
    },
    {
      "extensionName": "Release Management Utility tasks",
      "link": "<a href='https://marketplace.visualstudio.com/items?itemName=ms-devlabs.utilitytasks' target='_blank'><b>Release Management Utility tasks</b></a>",
      "publisherId": "ms-devlabs",
      "extensionId": "utilitytasks",
      "publisherName": "Microsoft DevLabs",
      "License": "<a href='https://marketplace.visualstudio.com/items?itemName=ms-devlabs.utilitytasks' target='_blank'>License Terms</a>"
    },
    {
      "extensionName": "Docker Integration",
      "link": "<a href='https://marketplace.visualstudio.com/items?itemName=ms-vscs-rm.docker' target='_blank'><b>Docker Integration</b></a>",
      "publisherId": "ms-vscs-rm",
      "extensionId": "docker",
      "publisherName": "Microsoft",
      "License": "<a href='https://marketplace.visualstudio.com/items?itemName=ms-vscs-rm.docker' target='_blank'>License Terms</a>"
    },
    {
      "extensionName": "Azure App Services - Start and Stop",
      "link": "<a href='https://marketplace.visualstudio.com/items?itemName=rbengtsson.appservices-start-stop' target='_blank'><b>Azure App Services - Start and Stop</b></a>",
      "publisherId": "rbengtsson",
      "extensionId": "appservices-start-stop",
      "publisherName": "Robert Bengtsson",
      "License": "<a href='https://marketplace.visualstudio.com/items?itemName=rbengtsson.appservices-start-stop' target='_blank'>License Terms</a>"
    },
    {
      "extensionName": "SonarCloud",
      "link": "<a href='https://marketplace.visualstudio.com/items?itemName=SonarSource.sonarcloud' target='_blank'><b>SonarCloud</b></a>",
      "publisherId": "SonarSource",
      "extensionId": "sonarcloud",
      "publisherName": "SonarSource",
      "License": "<a href='https://marketplace.visualstudio.com/items?itemName=SonarSource.sonarcloud' target='_blank'>License Terms</a>"
    },
    {
      "extensionName": "SonarQube",
      "link": "<a href='https://marketplace.visualstudio.com/items?itemName=SonarSource.sonarqube' target='_blank'><b>SonarQube</b></a>",
      "publisherId": "SonarSource",
      "extensionId": "sonarqube",
      "publisherName": "SonarSource",
      "License": "<a href='https://marketplace.visualstudio.com/items?itemName=SonarSource.sonarqube' target='_blank'>License Terms</a>"
    },
    {
      "extensionName": "Entity Framework Migrations",
      "link": "<a href='https://marketplace.visualstudio.com/items?itemName=tobania.EntityFrameworkMigrations' target='_blank'><b>Entity Framework Migrations</b></a>",
      "publisherId": "tobania",
      "extensionId": "EntityFrameworkMigrations",
      "publisherName": "Tobania",
      "License": "<a href='https://marketplace.visualstudio.com/items?itemName=tobania.EntityFrameworkMigrations' target='_blank'>License Terms</a>"
    },
    {
      "extensionName": "Bower",
      "link": "<a href='https://marketplace.visualstudio.com/items?itemName=touchify.vsts-bower' target='_blank'><b>Bower</b></a>",
      "publisherId": "touchify",
      "extensionId": "vsts-bower",
      "publisherName": "Touchify",
      "License": "<a href='https://marketplace.visualstudio.com/items?itemName=touchify.vsts-bower' target='_blank'>License Terms</a>"
    },
    {
      "extensionName": "Trackyon Advantage",
      "link": "<a href='https://marketplace.visualstudio.com/items?itemName=Trackyon.trackyonadvantage' target='_blank'><b>Trackyon Advantage</b></a>",
      "publisherId": "Trackyon",
      "extensionId": "trackyonadvantage",
      "publisherName": "Trackyon",
      "License": "<a href='https://marketplace.visualstudio.com/items?itemName=Trackyon.trackyonadvantage' target='_blank'>License Terms</a>"
    }
  ]
}